facility_id,region,chemical_category,inventory_volume_tons,storage_condition_score,containment_score,weather_exposure_index,inspection_score,nearby_population,transfer_frequency_30d,days_since_inspection,container_age_years,leak_history_24m,chemical_hazard_index,temperature_excursion_count,longitude,latitude,record_date
FAC-001,North Industrial,Industrial Chemicals,25,85,83,28,75,62159,7,258,8,2,4,1,72.78264,18.59646,2026-05-06
FAC-002,Central Industrial,Acids,52,90,45,19,93,60794,8,174,7,4,13,6,72.57924,18.88641,2026-07-20
FAC-003,South Logistics,Oxidizers,25,63,51,57,92,50989,8,129,15,2,13,0,72.71788,19.0128,2026-08-19
FAC-004,West Industrial,Oxidizers,26,76,52,16,84,59130,6,165,9,2,13,1,72.7839,18.7508,2026-08-16
FAC-005,West Industrial,Alkaline,60,78,92,33,92,47187,7,200,1,4,7,1,72.89376,18.8815,2026-05-12
FAC-006,East Logistics,Acids,69,79,99,78,59,80427,1,229,1,0,14,2,73.02333,18.42737,2026-08-22
FAC-007,South Logistics,Oxidizers,4,82,72,46,63,50890,5,74,7,1,4,4,72.71048,18.76457,2026-08-25
FAC-008,Central Industrial,Oxidizers,39,93,73,47,67,25351,0,96,2,4,10,4,72.62995,18.44125,2026-01-26
FAC-009,West Industrial,Oxidizers,43,97,69,88,71,65348,8,236,4,1,11,2,72.78018,18.44716,2026-06-29
FAC-010,North Industrial,Industrial Chemicals,53,46,84,28,62,70229,6,198,14,2,8,4,73.09249,18.50935,2026-03-20
FAC-011,North Industrial,Acids,18,48,75,64,63,22097,5,27,3,4,14,5,73.00629,19.08516,2026-05-18
FAC-012,East Logistics,Industrial Chemicals,38,49,72,49,67,43433,7,63,5,2,1,2,72.41265,18.45319,2026-06-25
FAC-013,South Logistics,Industrial Chemicals,28,89,99,20,62,22994,2,236,15,0,12,0,72.6179,18.86181,2026-06-29
FAC-014,East Logistics,Solvents,71,70,60,55,93,68987,5,236,14,0,9,4,73.0968,19.06496,2026-08-18
FAC-015,South Logistics,Acids,38,51,56,34,63,70902,4,290,3,0,10,6,72.41665,18.7873,2026-07-02
FAC-016,West Industrial,Oxidizers,44,79,71,89,51,9618,5,128,6,0,3,6,72.77825,18.96325,2026-02-25
FAC-017,Central Industrial,Acids,16,71,48,68,75,11028,1,156,4,3,14,4,72.56036,18.32636,2026-06-27
FAC-018,North Industrial,Solvents,11,74,82,64,54,78498,1,131,10,2,10,4,72.77016,18.71926,2026-04-20
FAC-019,South Logistics,Alkaline,42,72,45,18,73,38193,3,278,4,2,10,2,73.00123,19.02877,2026-06-11
FAC-020,North Industrial,Oxidizers,62,71,56,53,93,25379,6,90,14,2,15,4,72.65879,19.05485,2026-04-29
FAC-021,North Industrial,Industrial Chemicals,74,83,96,12,84,72948,1,152,4,4,9,6,72.92814,18.87159,2026-01-10
FAC-022,West Industrial,Solvents,31,67,94,75,74,50079,3,170,10,4,9,1,73.07733,18.7973,2026-07-26
FAC-023,East Logistics,Industrial Chemicals,39,58,88,42,77,40851,8,110,5,0,7,2,72.99812,18.71929,2026-02-16
FAC-024,North Industrial,Alkaline,60,94,88,17,81,78315,6,125,2,3,7,5,72.65977,18.71824,2026-01-26
FAC-025,South Logistics,Oxidizers,84,57,87,58,92,7319,2,107,4,3,15,3,72.9281,19.00399,2026-06-11
FAC-026,North Industrial,Solvents,72,64,85,50,80,2364,1,296,14,0,9,5,73.08288,18.61255,2026-07-07
FAC-027,Central Industrial,Oxidizers,53,81,78,35,62,10239,1,296,12,3,12,2,72.63667,18.35045,2026-08-20
FAC-028,West Industrial,Oxidizers,63,79,74,21,57,9463,7,166,1,0,2,5,72.72059,18.65704,2026-02-13
FAC-029,West Industrial,Solvents,69,80,58,90,67,83897,0,221,2,0,10,0,72.61547,18.33598,2026-01-13
FAC-030,East Logistics,Solvents,57,79,59,62,60,11091,1,122,1,3,1,0,72.61148,18.5224,2026-01-18
FAC-031,East Logistics,Oxidizers,39,76,49,37,95,8750,4,167,8,2,5,5,72.37353,18.86928,2026-05-02
FAC-032,North Industrial,Alkaline,78,82,43,56,54,47948,6,194,7,3,9,3,72.82348,18.55217,2026-07-16
FAC-033,West Industrial,Alkaline,17,70,84,19,71,38877,0,261,2,2,7,4,72.8088,18.9745,2026-05-10
FAC-034,West Industrial,Solvents,50,91,82,45,73,85611,5,177,5,1,6,0,72.94862,18.48459,2026-08-24
FAC-035,East Logistics,Acids,30,86,72,47,78,75033,6,325,7,1,8,6,72.82469,18.88547,2026-02-13
FAC-036,South Logistics,Oxidizers,83,91,61,78,64,68996,8,262,5,2,3,0,72.6956,18.38282,2026-06-05
FAC-037,Central Industrial,Alkaline,23,59,79,91,52,16834,3,40,14,2,8,6,72.44261,18.84366,2026-01-24
FAC-038,West Industrial,Industrial Chemicals,79,56,74,27,58,25706,8,247,3,2,12,0,72.98235,18.65531,2026-01-19
FAC-039,West Industrial,Oxidizers,81,88,81,47,95,25761,1,247,10,0,4,5,72.59508,18.75939,2026-05-21
FAC-040,East Logistics,Acids,56,70,49,56,90,86008,1,85,1,0,10,6,72.97678,18.69176,2026-03-12
FAC-041,South Logistics,Oxidizers,44,46,85,9,93,78751,1,102,11,0,6,4,72.30429,18.65251,2026-07-09
FAC-042,North Industrial,Oxidizers,74,95,67,26,58,58899,8,321,4,0,5,6,72.31341,18.33564,2026-05-20
FAC-043,Central Industrial,Alkaline,42,81,66,50,58,80349,6,197,6,2,15,2,72.44511,18.76462,2026-03-01
FAC-044,Central Industrial,Industrial Chemicals,63,47,46,77,94,11868,6,160,3,3,4,3,72.44205,18.64195,2026-07-06
FAC-045,East Logistics,Acids,50,43,47,36,83,87886,1,259,14,4,10,2,72.67459,18.38218,2026-07-30
FAC-046,Central Industrial,Alkaline,69,59,61,80,98,21869,0,259,2,2,15,5,72.85587,18.37028,2026-01-06
FAC-047,Central Industrial,Industrial Chemicals,11,61,74,88,77,39338,5,232,14,0,6,0,72.61068,18.72853,2026-08-11
FAC-048,Central Industrial,Industrial Chemicals,44,75,78,20,72,23806,8,57,10,1,11,5,72.6399,18.42238,2026-08-09
FAC-049,North Industrial,Acids,45,82,88,62,70,9550,3,310,3,1,9,6,72.98892,18.98413,2026-01-01
FAC-050,West Industrial,Alkaline,13,44,77,69,59,54983,5,156,14,4,5,4,72.57515,19.00112,2026-02-22
FAC-051,North Industrial,Oxidizers,25,97,93,23,50,21175,2,247,1,0,6,3,72.70494,18.61355,2026-04-29
FAC-052,Central Industrial,Alkaline,67,68,53,84,74,73726,0,293,7,3,6,2,73.01586,18.92362,2026-01-27
FAC-053,West Industrial,Solvents,28,49,77,14,70,13238,1,294,14,0,7,1,72.53638,19.01286,2026-01-21
FAC-054,South Logistics,Acids,82,44,72,42,60,58164,8,42,9,0,12,0,72.62615,18.86848,2026-05-17
FAC-055,East Logistics,Solvents,66,58,52,59,64,75116,4,318,14,2,12,4,72.68343,18.67483,2026-04-15
FAC-056,South Logistics,Oxidizers,71,92,63,55,60,54162,6,39,7,3,11,4,72.8739,19.07429,2026-05-17
FAC-057,North Industrial,Solvents,33,73,84,82,80,60131,3,186,7,4,14,6,72.90514,18.93438,2026-07-10
FAC-058,West Industrial,Industrial Chemicals,11,74,83,87,60,19845,7,136,5,1,4,1,73.05135,18.42372,2026-07-02
FAC-059,North Industrial,Oxidizers,74,81,55,48,59,15854,8,35,3,0,2,4,72.67079,18.72452,2026-06-16
FAC-060,North Industrial,Acids,16,63,69,80,71,70421,5,242,7,0,14,5,72.60241,18.67539,2026-02-09
